{
  "generator-jhipster": {
    "applicationType": "monolith",
    "authenticationType": "jwt",
    "baseName": "GestionCongerAbsence",
    "blueprints": [],
    "buildTool": "maven",
    "cacheProvider": "ehcache",
    "clientFramework": "react",
    "clientPackageManager": "npm",
    "clientTheme": "none",
    "clientThemeVariant": "",
    "creationTimestamp": 1685520243148,
    "databaseType": "sql",
    "devDatabaseType": "mysql",
    "devServerPort": 9060,
    "dtoSuffix": "DTO",
    "enableGradleEnterprise": false,
    "enableHibernateCache": true,
    "enableSwaggerCodegen": "true",
    "enableTranslation": true,
    "entitySuffix": "",
    "gitCompany": "",
    "jhiPrefix": "jhi",
    "jhipsterVersion": "7.9.3",
    "jwtSecretKey": "OGY5MjQ3YmFhZTdjNWE2ODZjNjlhNTVmODJlOTgxYjU2ZjJkMWViZDA1OWE0ZTQwMDYwOTc4ZjFiMThmMTQ2ZGE3ZDRlMzIxMjZhYTVlZDA1YzIzYTJkOGQxMmNhNGJkNTFiYjYzZDAxZjA3ZjAwZDIwNWMzYmY5ZjhlMGZjNTk=",
    "languages": ["fr", "en"],
    "messageBroker": false,
    "nativeLanguage": "fr",
    "otherModules": [],
    "packageFolder": "com/stroustrup/gestioncongerabsence",
    "packageName": "com.stroustrup.gestioncongerabsence",
    "pages": [],
    "prodDatabaseType": "mysql",
    "reactive": false,
    "searchEngine": false,
    "serverPort": 8100,
    "serviceDiscoveryType": "eureka",
    "skipCheckLengthOfIdentifier": false,
    "skipClient": false,
    "skipFakeData": false,
    "skipUserManagement": false,
    "testFrameworks": ["cypress"],
    "useSass": true,
    "websocket": false,
    "withAdminUi": true
  }
}
